{"cameraMode":{"drawMode":0,"name":"Shaded","section":"Shading Mode"},"sceneLighting":true,"audioPlay":false,"sceneViewState":{"showFog":true,"showMaterialUpdate":false,"showSkybox":true,"showFlares":true,"showImageEffects":true,"showParticleSystems":true},"in2DMode":false,"pivot":{"x":85.01744079589844,"y":356.4190368652344,"z":191.16659545898438},"rotation":{"x":0.05362456291913986,"y":-0.8827555775642395,"z":0.1040336862206459,"w":0.45502597093582156},"size":2.8578836917877199,"orthographic":true}